Category,Jan 2026,Feb 2026,Mar 2026,Apr 2026,May 2026,Jun 2026,Jul 2026,Aug 2026,Sep 2026
Travel,12213.38,16460.37,15877.26,27302.97,13291.88,19989.54,33583.26,32813.28,28322.74
Trip,0.0,722318.63,-67871.45,-174432.0,-10229.0,0.0,0.0,49986.0,40445.46
Shopping,7810.0,16448.1,10615.82,24219.82,27876.81,4271.0,12740.2,82764.21,9596.0
Baby,7708.11,5599.28,25304.93,2380.43,1049.75,750.0,12768.99,-226.67,0.0
Outside Food,9456.09,7581.5,12117.49,20251.55,16425.09,10944.99,19052.15,23582.8,19297.33
Grocery,2538.82,4517.97,4743.42,3379.1,2126.0,3800.49,7448.59,9028.74,3222.0
Utilities & Bills,11462.0,33207.0,12566.0,21311.0,12317.0,37663.0,12027.0,181285.3,12950.36
"Health, Fitness & Self Care",25510.0,18315.0,2455.0,4418.7,2274.0,630.0,2456.0,1230.0,390.0
Upskill / AI,2570.08,2545.3,2569.79,399.0,42608.26,11023.68,13300.17,7570.91,3962.42
Rohan,24270.87,18880.28,31385.4,32423.09,55448.93,1053.07,-43.76,32767.42,-22.14
Nitin,0.0,0.0,0.0,0.0,0.0,0.0,0.0,0.0,29885.0
Papa,0.0,0.0,0.0,0.0,0.0,12500.0,10623.9,902.0,0.0
One-Time Expense,0.0,25849.0,0.0,4968.0,99711.0,12663.0,0.0,0.0,11000.0
Investments,0.0,0.0,0.0,0.0,0.0,0.0,694247.0,550000.0,1104797.0
Tax,0.0,0.0,30254.88,296.01,194.97,0.0,49600.0,0.0,0.0
Others,6308.28,20326.27,5872.42,4267.48,984.53,1584.41,2899.81,615.16,2124.15
Total,85576.76,873168.42,54505.56,-61237.94,208630.29,115820.11,176500.07,389551.73,131310.46
